{"0": {"bb_rmsd": 2.6522860312693775, "sequence_percent_identity": 33.33333333333333, "delta_total_score": -63.1156011661708}, "1": {"bb_rmsd": 2.6671954050198217, "sequence_percent_identity": 100.0, "delta_total_score": -10.769688298532841}, "2": {"bb_rmsd": 2.6672352086633335, "sequence_percent_identity": 13.333333333333334, "delta_total_score": 19.0214609314762}, "3": {"bb_rmsd": 13.059128312219007, "sequence_percent_identity": 13.333333333333334, "delta_total_score": 44.99206496946024}, "4": {"bb_rmsd": 12.41293977536391, "sequence_percent_identity": 13.333333333333334, "delta_total_score": 8.040845808554629}, "5": {"bb_rmsd": 12.41293977536391, "sequence_percent_identity": 13.333333333333334, "delta_total_score": 8.040845808554629}}